accuracy_ci_high,accuracy_ci_low,calendar_consistency_rate,extraction_cleanliness_rate,format,format_compliance_mean,n,overall_accuracy,strict_accuracy,syntactic_validity_rate
0.889588,0.871936,,0.991103,iso_8601,0.96783,5170,0.881044,0.881044,0.980464
0.792296,0.769762,0.79942,0.992263,javascript_date,0.74241,5170,0.781238,0.738298,0.892456
0.774449,0.751273,0.822631,0.993424,natural_language,0.871917,5170,0.763056,0.716054,0.925145
0.885095,0.86715,,0.992843,python_datetime,0.961903,5170,0.876402,0.876402,0.974662
0.853168,0.833362,0.863443,0.987621,rfc_2822,0.934429,5170,0.84352,0.803482,0.954352
0.890897,0.873332,,0.991103,rfc_3339,0.958522,5170,0.882398,0.882398,0.979304
0.522127,0.494882,,0.965957,unix_epoch,0.737281,5170,0.508511,0.508511,0.865957
