accuracy_ci_high,accuracy_ci_low,calendar_consistency_rate,extraction_cleanliness_rate,format,format_compliance_mean,n,overall_accuracy,syntactic_validity_rate
0.944106,0.909134,,0.969048,iso_8601,0.993238,840,0.928571,0.99881
0.907672,0.864985,0.890278,0.978571,javascript_date,0.969965,840,0.888095,1.0
0.885795,0.83946,0.904167,0.97381,natural_language,0.951814,840,0.864286,0.996429
0.952482,0.919719,,0.977381,python_datetime,0.994667,840,0.938095,1.0
0.918502,0.877856,0.923611,0.952381,rfc_2822,0.986252,840,0.9,1.0
0.947259,0.913093,,0.970238,rfc_3339,0.98681,840,0.932143,1.0
