accuracy_ci_high,accuracy_ci_low,calendar_consistency_rate,extraction_cleanliness_rate,format,format_compliance_mean,n,overall_accuracy,strict_accuracy,syntactic_validity_rate
0.91919,0.888538,,0.963121,iso_8601,0.983433,1410,0.904965,0.904965,0.995745
0.880746,0.844936,0.864286,0.966667,javascript_date,0.904765,1410,0.86383,0.807801,0.995745
0.861303,0.823356,0.871429,0.975177,natural_language,0.938723,1410,0.843262,0.798582,0.998582
0.92247,0.892332,,0.970213,python_datetime,0.983858,1410,0.908511,0.908511,0.997163
0.878741,0.842698,0.879365,0.940426,rfc_2822,0.959963,1410,0.861702,0.824823,0.99078
0.92378,0.893851,,0.953901,rfc_3339,0.976,1410,0.909929,0.909929,0.995745
0.42438,0.373334,,0.853901,unix_epoch,0.693924,1410,0.398582,0.398582,0.878723
